soldprice,date,link
389.0,2021-04-29 02:09:47,https://www.ebay.com/itm/AMD-Ryzen-9-3900-3-10-GHz-12-Core-100-000000070-unlocked-CPU-Processor-/254959997506
249.0,2021-04-29 01:30:40,https://www.ebay.com/itm/AMD-Ryzen-7-2700x-8-Core-16-Thread-Processor-CPU-RGB-LED-Cooler-/164839000242
210.0,2021-04-29 00:04:33,https://www.ebay.com/itm/Ryzen-5-3600x-/194073606115
479.59,2021-04-28 23:43:43,https://www.ebay.com/itm/NEW-AMD-Ryzen-9-5950X-Vermeer-16-Core-Processor-Hand-Discount-61-/194073584354
250.0,2021-04-28 20:34:54,https://www.ebay.com/itm/AMD-Ryzen-9-3900X-3-8Ghz-12-Core-AM4-Processor-Wraith-Prism-Cooler-/384121609367
230.0,2021-04-28 19:44:39,https://www.ebay.com/itm/AMD-Ryzen-7-3700X-8-Core-3-6GHz-CPU-Processor-No-Boot-Parts-/294148487099
201.99,2021-04-28 19:27:43,https://www.ebay.com/itm/RYZEN-2700X-/363376927158
279.99,2021-04-28 19:12:50,https://www.ebay.com/itm/AMD-Ryzen-7-3800XT-Processor-4-7-GHz-8-Cores-Socket-AM4-/174749856709
250.0,2021-04-28 17:58:29,https://www.ebay.com/itm/AMD-Ryzen-5-3400G-3-7GHz-4-Core-Upgraded-Wraith-Prism-/233986775473
1321.12,2021-04-28 16:55:25,https://www.ebay.com/itm/Dell-AMD-EPYC-7402P-2-80GHz-24-Core-CPU-P-N-100-000000048-/284275520183
1946.91,2021-04-28 16:55:25,https://www.ebay.com/itm/Dell-AMD-EPYC-7502P-2-50GHz-32-Core-CPU-P-N-100-000000045-/284275520187
2503.17,2021-04-28 16:55:25,https://www.ebay.com/itm/Dell-AMD-EPYC-7542-2-90GHz-32-Core-CPU-P-N-100-000000075-/284275520188
486.73,2021-04-28 16:55:25,https://www.ebay.com/itm/Dell-AMD-EPYC-7272-2-90GHz-12-Core-CPU-P-N-100-000000079-/373559349805
278.13,2021-04-28 16:55:25,https://www.ebay.com/itm/Dell-AMD-EPYC-7301-2-20GHz-16-Core-CPU-P-N-PS7301BEVGPAF-/373559349808
451.96,2021-04-28 16:55:25,https://www.ebay.com/itm/Dell-AMD-EPYC-7351P-2-40GHz-16-Core-CPU-P-N-PS735PBEVGPAF-/384121285484
1112.52,2021-04-28 16:55:25,https://www.ebay.com/itm/Dell-AMD-EPYC-7551P-2-00GHz-32-Core-CPU-P-N-PS755PBDVIHAF-/384121285488
347.66,2021-04-28 16:55:21,https://www.ebay.com/itm/Dell-AMD-EPYC-7281-2-1GHz-Sixteen-Core-CPU-PS7281BEVGAAF-/284275520102
300.0,2021-04-28 15:38:43,https://www.ebay.com/itm/AMD-Ryzen-7-5800X-8-core-16-thread-Desktop-Processor-8-cores-And-16-threads-/224442397277
305.0,2021-04-28 15:24:42,https://www.ebay.com/itm/Ryzen-9-3900x-/194073164168
450.0,2021-04-28 11:16:51,https://www.ebay.com/itm/Lot-30-units-AMD-CPU-FX-Series-FX-4100-Quad-Core-CPU-3-6GHz-Socket-AM3-/184798236161
270.0,2021-04-28 11:11:20,https://www.ebay.com/itm/Lot-30-units-AMD-CPU-Athlon-II-X4-635-2-9GHz-Socket-AM3-/174749430866
240.0,2021-04-28 11:09:14,https://www.ebay.com/itm/Lot-30-units-AMD-CPU-Athlon-II-X4-630-2-8GHz-Socket-AM3-/174749429985
210.0,2021-04-28 11:07:25,https://www.ebay.com/itm/Lot-30-units-AMD-CPU-Athlon-II-X4-620-2-6GHz-Socket-AM3-/174749428803
2488.0,2021-04-28 10:26:09,https://www.ebay.com/itm/AMD-epyc-7502p-2-5ghz-128mb-180w-32-core-64-thread-CPU-/174749373741
4688.0,2021-04-28 10:15:14,https://www.ebay.com/itm/AMD-epyc-7702-2ghz-3-35ghz-64-core-128-lines-interface-sp3-cpu-/174749367341
367.0,2021-04-28 05:26:39,https://www.ebay.com/itm/AMD-Ryzen-7-3800x-AM4-Computer-Processor-Wraith-RGB-Aura-Cooler-/402812278066
810.01,2021-04-28 04:31:42,https://www.ebay.com/itm/AMD-Ryzen-9-5950X-Desktop-Processor-4-9GHz-16-Cores-Socket-AM4-USED-/303977214878
360.0,2021-04-28 02:36:43,https://www.ebay.com/itm/Lot-10-units-AMD-CPU-Phenom-X6-1055T-2-8GHz-Socket-AM3-TDP125W-/174749080703
400.0,2021-04-28 02:14:38,https://www.ebay.com/itm/Lot-10-units-AMD-CPU-Phenom-II-X6-1055T-2-8GHZ-Socket-AM3-TDP-95W-/184797466705
600.0,2021-04-28 01:27:14,https://www.ebay.com/itm/AMD-Ryzen-Threadripper-2950x-16-Core-32-Threads-3-5GHz-Zen-CPU-/144022475853
205.0,2021-04-27 23:06:36,https://www.ebay.com/itm/AMD-Ryzen-7-3700x-Processor-8-Core-16-Threads-includes-Wraith-Prism-Cooler-/284274712494
325.0,2021-04-27 22:12:56,https://www.ebay.com/itm/AMD-5800x-/384119909536
220.0,2021-04-27 21:24:20,https://www.ebay.com/itm/EUC-AMD-Ryzen-5-3600X-Computer-Processor-Wraith-Spire-Fan-/194070775232
367.0,2021-04-27 21:19:58,https://www.ebay.com/itm/AMD-Ryzen-7-3800x-Computer-Processor-/402811721651
200.0,2021-04-27 20:29:29,https://www.ebay.com/itm/AMD-Ryzen-7-2700x-AM4-8c-16t-Zen-/324593954690
200.0,2021-04-27 19:36:16,https://www.ebay.com/itm/AMD-Ryzen-5-3600XT-6-core-Processor-Unlocked-/294146616635
1100.0,2021-04-27 14:00:01,https://www.ebay.com/itm/AMD-Ryzen-Threadripper-2950x-ASUS-Rog-Zenith-Extreme-Alpha-X399-Motherbord-/333977431354
360.0,2021-04-27 09:07:24,https://www.ebay.com/itm/AMD-Ryzen-7-5800X-Desktop-Processor-4-7GHz-8-Cores-Socket-AM4-Box-/114783422026
205.0,2021-04-27 08:00:18,https://www.ebay.com/itm/AMD-Ryzen-5-3600-Six-Core-3-6-GHz-Desktop-Processor-Wraith-Steel-Cooler-/144021256357
219.95,2021-04-27 07:09:30,https://www.ebay.com/itm/AMD-AMD-Ryzen-7-3700X-8-Core-3-6GHz-Processor-/124698121880
210.0,2021-04-27 06:50:19,https://www.ebay.com/itm/AMD-RYZEN-5-3600x-6-Core-3-8-GHz-Socket-AM4-/164836036444
330.0,2021-04-27 05:55:48,https://www.ebay.com/itm/amd-ryzen-7-3700x-3-6-ghz-8-core-processor-CPU-ONLY-/384117812474
330.0,2021-04-27 05:06:34,https://www.ebay.com/itm/AMD-Ryzen-9-3900x-Computer-Processor-/194067615727
300.0,2021-04-27 03:31:50,https://www.ebay.com/itm/AMD-EPYC-PS281BEVGAAF-16-CORE-/224440658489
299.0,2021-04-27 01:37:05,https://www.ebay.com/itm/AMD-Ryzen-5-5600X-Desktop-Processor-4-6GHz-6-Cores-Socket-AM4-Box-New-/194068282188
299.93,2021-04-26 23:47:49,https://www.ebay.com/itm/AMD-FX-8350-Octa-core-8-Core-4-GHz-Processor-Retail-Pack-4-20-GHz-8-MB-Cache-/224440482924
218.93,2021-04-26 23:47:34,https://www.ebay.com/itm/AMD-Ryzen-5-2600X-Socket-AM4-OEM-Processor-YD260XBCM6IAF-/324592630334
600.0,2021-04-26 18:33:19,https://www.ebay.com/itm/AMD-Ryzen-3-3200-G-XFX-RX580-4GB-Graphics-Adata-XPG-16GB-2x8GB-Memory-/384117861976
386.0,2021-04-26 18:32:43,https://www.ebay.com/itm/AMD-Ryzen-9-3900x-Computer-Processor-/154429549511
322.0,2021-04-26 17:47:36,https://www.ebay.com/itm/AMD-Ryzen-9-3900X-CPU-Zen-2-Processor-3-8Ghz-Base-4-6Ghz-Boost-Cooler-/265138597344
1500.0,2021-04-26 15:29:33,https://www.ebay.com/itm/Gaming-PC-Ryzen-9-3900x-MSI-RX5500XT-8GB-MSI-X570-/224439992565
220.0,2021-04-26 14:31:34,https://www.ebay.com/itm/AMD-FX-9590-4-7GHz-220W-Socket-AM3-8-Core-Black-Edition-CPU-USED-EXCELLENT-/114782387300
327.0,2021-04-26 14:06:56,https://www.ebay.com/itm/AMD-Ryzen-7-5800X-Desktop-Processor-4-7GHz-8-Cores-Socket-AM4-Box-/303974668064
700.0,2021-04-26 12:35:47,https://www.ebay.com/itm/AMD-EPYC-7501-2GHz-32C-64T-SP3-/224439821216
325.0,2021-04-26 07:22:24,https://www.ebay.com/itm/AMD-Ryzen-7-3800XT-/144020467870
260.0,2021-04-26 06:13:39,https://www.ebay.com/itm/AMD-Ryzen-5-5600X-6-Core-12-Thread-Unlocked-Very-Lightly-Used-/254955899106
400.0,2021-04-26 04:10:56,https://www.ebay.com/itm/AMD-Ryzen-7-5800x-8-core-16-thread-unlocked-CPU-/144020392131
350.0,2021-04-26 02:36:34,https://www.ebay.com/itm/AMD-Ryzen-9-3900x-Computer-Processor-Wraith-Prism-RGB-LED-Cooler-Included-/393269941695
203.5,2021-04-26 02:02:34,https://www.ebay.com/itm/AMD-AMD-Ryzen-7-3700X-8-Core-3-6GHz-Processor-/294143521046
490.0,2021-04-26 00:23:46,https://www.ebay.com/itm/AMD-Ryzen-9-3950X-Desktop-Processor-4-7GHz-16-Cores-Socket-AM4-/384116504913
294.9,2021-04-25 23:51:58,https://www.ebay.com/itm/AMD-Ryzen-7-3800X-3-9GHz-8-Core-AM4-Processor-/353471138885
370.0,2021-04-25 21:54:07,https://www.ebay.com/itm/AMD-Ryzen-Threadripper-3970X-32-core-3-7-GHz-Processor-100-100000011WOF-/224439196562
227.5,2021-04-25 21:39:34,https://www.ebay.com/itm/AMD-100-100000071BOX-Ryzen-7-3700x-3-6GHz-Octa-Core-AM4-Boxed-CPU-/303974524931
306.28,2021-04-25 21:22:03,https://www.ebay.com/itm/AMD-Ryzen-7-3800X-3-9GHz-Octa-Core-Processor-/224439171015
289.0,2021-04-25 20:57:48,https://www.ebay.com/itm/AMD-Ryzen-5-5600X-6-core-12-thread-Desktop-Processor-Wraith-Stealth-Cooler-/174746214977
425.0,2021-04-25 18:15:42,https://www.ebay.com/itm/AMD-EPYC-7281-16-Core-2-1GHz-Socket-SP3-170W-Server-Processor-CPU-PS7281BEVGAAF-/284271859028
325.0,2021-04-25 18:15:10,https://www.ebay.com/itm/AMD-EPYC-7281-16-Core-2-1GHz-Socket-SP3-170W-Server-Processor-CPU-PS7281BEVGAAF-/353470986040
400.0,2021-04-25 17:55:53,https://www.ebay.com/itm/Pre-Built-Gaming-PC-RYZEN-3-2200G-3-5ghz-3-7ghz-turbo-/265137399027
300.0,2021-04-25 17:41:28,https://www.ebay.com/itm/AMD-100-100000071BOX-Ryzen-7-3700x-3-6GHz-Octa-Core-AM4-CPU-/324590445099
680.0,2021-04-25 16:57:06,https://www.ebay.com/itm/AMD-Ryzen-9-5900X-12-core-24-thread-AM4Desktop-Processor-FAST-SHIPPING-/194065157082
230.0,2021-04-25 14:50:16,https://www.ebay.com/itm/Ryzen-5-2600-Aorus-B450-Aorus-M-/363373046574
230.0,2021-04-25 13:51:01,https://www.ebay.com/itm/AMD-Ryzen-2nd-Gen-7-2700X-4-3-GHz-Eight-Core-Processor-Wraith-Prism-/174745499558
285.0,2021-04-25 11:49:11,https://www.ebay.com/itm/AMD-Ryzen-5-5600X-Desktop-Processor-6-Cores-3-7GHz-Base-4-6GHz-Boost-/324590008243
365.17,2021-04-25 11:44:39,https://www.ebay.com/itm/And-Ryzen-9-3900x-/284271461566
350.0,2021-04-25 09:43:32,https://www.ebay.com/itm/AMD-Ryzen-7-3800X-3-9GHz-Octa-Core-Processor-/373554946762
340.0,2021-04-25 05:56:16,https://www.ebay.com/itm/AMD-Ryzen-7-3800XT-Processor-4-7-GHz-8-Cores-Socket-AM4-100-100000279WOF-/174745460060
400.0,2021-04-25 03:37:40,https://www.ebay.com/itm/AMD-Ryzen-7-5800X-Desktop-Processor-4-7GHz-8-Cores-Socket-AM4-Box-100-1000-/254953661218
565.0,2021-04-25 00:40:36,https://www.ebay.com/itm/AMD-Ryzen-9-3950X-3-5GHz-16-Core-100-100000051WOF-Processor-/164831157326
255.0,2021-04-25 00:38:44,https://www.ebay.com/itm/AMD-Ryzen-2nd-Gen-7-2700X-4-3-GHz-Eight-Core-YD270XBGM88AF-Processor-/174745234806
225.0,2021-04-25 00:19:03,https://www.ebay.com/itm/AMD-Ryzen-7-2700X-Wraith-Prism-Cooler-/324589306209
325.0,2021-04-25 00:17:35,https://www.ebay.com/itm/AMD-Ryzen-9-3900X-3-8Ghz-12-Core-AM4-Processor-Wraith-Prism-Cooler-/284270885096
370.0,2021-04-24 23:38:39,https://www.ebay.com/itm/AMD-Ryzen-9-3900x-Computer-Processor-/194062943051
246.0,2021-04-24 22:37:42,https://www.ebay.com/itm/AMD-Ryzen-YD195XA8AEWOF-Threadripper-1950X-Cache-32-MB-16-Core-3-4-GHz-Process-/164831030208
350.0,2021-04-24 22:26:09,https://www.ebay.com/itm/AMD-Ryzen-7-5800X-Desktop-Processor-4-7GHz-8-Cores-Socket-AM4-Used-/224437963742
575.0,2021-04-24 21:05:50,https://www.ebay.com/itm/Mint-Condition-3950X-Cpu-Silver-Sample-/233981402739
250.0,2021-04-24 19:19:57,https://www.ebay.com/itm/AMD-FX-9590-Black-Edition-4-70-GHz-Octa-Core-Processor-Cooler-/284270634332
245.5,2021-04-24 19:01:18,https://www.ebay.com/itm/ryzen-7-3700x-/184790105355
575.0,2021-04-24 18:08:42,https://www.ebay.com/itm/AMD-Ryzen-9-3950X-3-5-GHz-16-Core-Processor-/393267800184
2955.0,2021-04-24 16:32:46,https://www.ebay.com/itm/AMD-EPYC-7742-QS-2-0GHz-64Core-128Thread-256MB-225W-Socket-SP3-CPU-Processor-/402807849992
375.0,2021-04-24 14:31:43,https://www.ebay.com/itm/AMD-Ryzen-9-3900X-3-8-GHz-AM4-12-Core-Desktop-Processor-Wraith-Prism-Cooler-/154426865038
400.0,2021-04-24 07:46:27,https://www.ebay.com/itm/AMD-Ryzen-9-3900XT-Processor-4-7-GHz-12-Cores-Socket-AM4-100-100000277WOF-/333973239069
400.0,2021-04-24 02:36:07,https://www.ebay.com/itm/AMD-Ryzen-5-2600-MSI-B450M-Gaming-Plus-G-Skill-Ram-/333972342784
257.0,2021-04-24 00:20:30,https://www.ebay.com/itm/AMD-Ryzen-7-3700X-8-Core-3-6GHz-Processor-/184788292747
250.0,2021-04-23 18:37:41,https://www.ebay.com/itm/AMD-Ryzen-Threadripper-2920X-Prozessoren-3-5GHz-CPU-12-Cores-Up-4-3GHz-/294139503011
1395.99,2021-04-23 18:25:14,https://www.ebay.com/itm/AMD-RYZEN-Threadripper-2990WX-TR4-CPU-Processor-X399-32-Cores-Priced-sell-/144017966835
250.0,2021-04-23 18:21:11,https://www.ebay.com/itm/Lot-12-Bad-AMD-CPUs-Ryzen-LOT-B-/254953511507
276.0,2021-04-23 18:07:04,https://www.ebay.com/itm/Lot-12-Bad-AMD-CPUs-Ryzen-LOT-U-/254953496375
305.0,2021-04-23 18:04:21,https://www.ebay.com/itm/Lot-12-Bad-AMD-CPUs-Ryzen-LOT-T-/265134980695
285.0,2021-04-23 17:32:22,https://www.ebay.com/itm/AMD-100-00000071BOX-Ryzen-7-3700x-3-6GHz-Octa-Core-AM4-Boxed-CPU-LIGHTLY-USED-/233979782866
2000.0,2021-04-23 16:10:10,https://www.ebay.com/itm/amd-ryzen-7-3700x-8-core-3-6-ghz-/164828128124
200.0,2021-04-23 15:46:29,https://www.ebay.com/itm/Lot-13-AMD-A8-QUAD-CORE-CPUS-3-1ghz-3-5ghz-WORKING-PULLS-/373552891026
1049.36,2021-04-23 12:08:54,https://www.ebay.com/itm/MSI-X570-Unify-And-AMD-Ryzens-9-3950X-Bundle-/184787024203
2999.0,2021-04-23 09:55:22,https://www.ebay.com/itm/AMD-EPYC-7F52-3-5GHz-16Core-32Thread-256MB-240W-Socket-SP3-CPU-Processor-/402806098178
3443.0,2021-04-23 09:52:07,https://www.ebay.com/itm/AMD-EPYC-7F72-3-2GHz-24Core-48Thread-192MB-240W-Socket-SP3-CPU-Processor-/402806095591
2688.0,2021-04-23 09:44:18,https://www.ebay.com/itm/AMD-EPYC-7542-2-9GHz-32Core-64Thread-128MB-225W-Socket-SP3-CPU-Processor-/402806090143
2188.0,2021-04-23 09:38:38,https://www.ebay.com/itm/AMD-EPYC-7452-2-35GHz-32Core-64Thread-128MB-155W-Socket-SP3-CPU-Processor-/402806087268
1850.0,2021-04-23 07:53:12,https://www.ebay.com/itm/AMD-EPYC-7402-2-8GHz-24Core-48Thread-128MB-180W-Socket-SP3-CPU-Processor-/402805993683
227.5,2021-04-23 02:00:47,https://www.ebay.com/itm/AMD-AMD-Ryzen-7-3700X-8-Core-3-6GHz-Processor-/124692041225
240.0,2021-04-23 00:33:06,https://www.ebay.com/itm/AMD-Ryzen-5-3400G-3-7GHz-4-Core-8-Threads-CPU-Processor-/174742871147
600.0,2021-04-23 00:01:49,https://www.ebay.com/itm/AMD-Ryzen-Threadripper-2950X-TR4-/124693451837
319.99,2021-04-22 19:58:19,https://www.ebay.com/itm/amd-ryzen-7-3700x-3-6-ghz-8-core-processor-/353467532078
249.99,2021-04-22 18:15:51,https://www.ebay.com/itm/AMD-RYZEN-Threadripper-1920X-12-Core-3-5-GHz-Socket-sTR4-180W-Desktop-Processor-/402805177556
250.0,2021-04-22 17:11:26,https://www.ebay.com/itm/Amd-Ryzen-7-2700x-8-core-processor-HYPER-212-RGB-BLACK-EDITION-COOLER-included-/154424651735
949.99,2021-04-22 16:54:14,https://www.ebay.com/itm/AMD-Ryzen-9-5950X-16-Core-32-Thread-Retail-AM4-Processor-4-9-GHZ-Boost-/274769377343
207.5,2021-04-22 16:04:57,https://www.ebay.com/itm/AMD-Ryzen-7-3700X-8-Core-3-6GHz-Processor-4-4-Max-Boost-/224435274287
3256.11,2021-04-22 10:54:56,https://www.ebay.com/itm/AMD-EPYC-7F72-CPU-PROCESSOR-24-CORE-3-20GHz-192MB-CACHE-240W-100-000000141-/114777406439
799.0,2021-04-22 03:41:23,https://www.ebay.com/itm/Asrock-x399-Fatality-Professional-Gaming-Motherboard-AMD-Threadripper-1920x-CPU-/164826546995
221.5,2021-04-22 03:21:16,https://www.ebay.com/itm/AMD-Ryzen-7-1700X-3-8-GHz-8-core-16-thread-CPU-processor-Socket-AM4-Box-/303970108519
290.0,2021-04-21 23:05:12,https://www.ebay.com/itm/AMD-Ryzen-Threadripper-2920X-3-5-GHz-12-Core-YD292XA8AFWOF-Processor-CPU-/174741460183
200.0,2021-04-21 21:36:08,https://www.ebay.com/itm/AMD-Ryzen-2nd-Gen-7-2700X-4-3-GHz-Eight-Core-YD270XBGM88AF-Processor-/294136029407
279.99,2021-04-21 21:00:40,https://www.ebay.com/itm/AMD-Ryzen-5-3600XT-Processor-Six-Core-3-8GHz-CPU-3600X-OEM-NO-HSF-/114776628415
305.0,2021-04-21 20:08:36,https://www.ebay.com/itm/AMD-Ryzen-7-3800X-3-9GHz-Octa-Core-Processor-/313502158436
260.0,2021-04-21 18:43:52,https://www.ebay.com/itm/AMD-YD190XA8AEWOF-4GHz-240V-Ryzen-Threadripper-1900X-Processor-/324584036597
201.0,2021-04-21 13:55:04,https://www.ebay.com/itm/AMD-RYZEN-7-3700X-8-Core-3-6-GHz-4-4-GHz-Max-Boost-Socket-AM4-65W-100-10000007-/284266559958
220.0,2021-04-21 13:16:24,https://www.ebay.com/itm/AMD-Ryzen-5-3600X-R5-3600X-3-8GHz-Six-Core-Twelve-Thread-CPU-Processor-7NM-95W-/133736206600
379.99,2021-04-21 00:56:13,https://www.ebay.com/itm/DELL-Only-AMD-EPYC-7401P-PS740PBEVHCAF-24C-3GHz-32MB-L3-TDP-170W-CPU-PROCESSOR-/274767340845
275.0,2021-04-20 23:08:16,https://www.ebay.com/itm/Used-Ryzen-7-3700x-/313500991011
239.96,2021-04-20 22:36:52,https://www.ebay.com/itm/AMD-YD150XBBAEBOX-Ryzen-5-1500X-Processor-Wraith-Spire-Cooler-/233975981120
380.0,2021-04-20 21:33:33,https://www.ebay.com/itm/Lot-12-AMD-Opteron-OS6282YETGGGU-OS6376WKTGGHK-0S6128WKT8E0-OS6282YETGGGU-/224433172913
2475.0,2021-04-20 14:39:40,https://www.ebay.com/itm/AMD-EPYC-7601-AMD-EPYC-7001-Series-9GZ3351V70058-Server-Processor-CPU-BP-/274766798030
270.99,2021-04-20 09:50:34,https://www.ebay.com/itm/AMD-FX-Series-FX-9590-FD9590FHW8KHK-4-7GHz-Eight-Core-Socket-AM3-CPU-Processor-/384105977404
542.69,2021-04-19 14:50:48,https://www.ebay.com/itm/AMD-EPYC-7351-CPU-PROCESSOR-16-CORE-2-40GHZ-64MB-CACHE-170W-PS7351BEVGPAF-/114773087276
466.38,2021-04-19 10:54:17,https://www.ebay.com/itm/AMD-Ryzen-9-3900X-12-Core-Socket-AM4-3-8GHz-Desktop-Processor-100-100000023BOX-/274765259731
220.0,2021-04-19 03:26:03,https://www.ebay.com/itm/AMD-Ryzen-5-2400g-/353462253057
279.99,2021-04-18 20:27:10,https://www.ebay.com/itm/AMD-Ryzen-7-3700X-3-6-GHz-Eight-Core-AM4-Processor-CPU-Only-/265128891109
285.0,2021-04-17 22:07:01,https://www.ebay.com/itm/AMD-Ryzen-7-3700X-8-core-16-thread-Processor-Used-4-months-box-EUC-/144012190816
220.0,2021-04-17 01:23:24,https://www.ebay.com/itm/AMD-Ryzen-5-3600X-R5-3600X-3-8GHz-Six-Core-Twelve-Thread-CPU-Processor-7NM-95W-/303963650705
309.9,2021-04-17 00:25:20,https://www.ebay.com/itm/AMD-Ryzen-7-3800X-3-9GHz-8-Core-AM4-Processor-w-AMD-Wraith-Prism-Cooler-/353459541436
204.98,2021-04-16 08:21:46,https://www.ebay.com/itm/AMD-Ryzen-series-R5-2600X-R7-2700X-r3-3300x-R5-3500X-R5-3600X-Slot-AM4-CPU-/373542817722?var=642539407837&vti=
207.68,2021-04-16 08:21:46,https://www.ebay.com/itm/AMD-Ryzen-series-R5-2600X-R7-2700X-r3-3300x-R5-3500X-R5-3600X-Slot-AM4-CPU-/373542817722?var=642539407840&vti=
231.16,2021-04-16 02:03:12,https://www.ebay.com/itm/AMD-Ryzen-5-3600X-6-Core-12-Thread-Unlocked-Desktop-Processor-Wraith-Sp-/284259683193
288.0,2021-04-15 22:42:04,https://www.ebay.com/itm/AMD-Ryzen-7-3700X-8-Core-3-6GHz-Processor-CPU-Used-/333961567272
3249.0,2021-04-14 20:49:44,https://www.ebay.com/itm/AMD-Phenom-II-X4-B97-Quad-Core-3-2GHz-8MB-Cach-Socket-AM2-AM3-HDXB97WFK4DGM-CPU-/284258029627
220.0,2021-04-14 14:21:08,https://www.ebay.com/itm/Ryzen-5-PRO-3400GE-3-30GHZ-CPU-Only-LOW-TDP-35W-AGPU-/144008069036
200.0,2021-04-13 20:20:20,https://www.ebay.com/itm/Lot-10-AMD-Processors-/144007352583
998.0,2021-04-13 06:20:51,https://www.ebay.com/itm/AMD-Ryzen-9-5900X-R9-5900X-3-7-4-8GHz-12Core-24Thr-Socket-AM4-105W-CPU-Processor-/174730391184
214.68,2021-04-13 00:11:32,https://www.ebay.com/itm/AMD-Ryzen-5-3600-R5-3600-3-6-GHz-Six-Core-12-Thread-Socket-AM4-CPU-Processor-/384092305741
829.99,2021-04-12 21:33:57,https://www.ebay.com/itm/AMD-Ryzen-Threadripper-2950x-16-Core-32-Threads-3-5GHz-Zen-CPU-/203346587943
3256.11,2021-04-12 16:27:22,https://www.ebay.com/itm/DELL-AMD-EPYC-7F72-CPU-PROCESSOR-24-CORE-3-2GHz-192MB-CACHE-240W-100-000000141-/124677816346
329.99,2021-04-12 15:01:23,https://www.ebay.com/itm/AMD-RYZEN-7-3700X-3-60-GHz-8-Cores-16-Threads-/284254895490
254.99,2021-04-12 15:01:23,https://www.ebay.com/itm/AMD-2700-3-20GHz-8-Cores-16-Threads-RYZEN-7-2700-SKU-16175-/284254895493
649.0,2021-04-12 10:41:58,https://www.ebay.com/itm/AMD-Ryzen-7-5800X-R7-5800X-3-8-4-7GHz-8Core-16Thr-Socket-AM4-105W-CPU-Processor-/174729358455
468.8,2021-04-12 10:26:34,https://www.ebay.com/itm/AMD-Ryzen-5-5600X-R5-5600X-3-7-4-6GHz-6CORE-12Thr-Socket-AM4-65W-CPU-Processor-/174729347831
207.68,2021-04-12 09:28:00,https://www.ebay.com/itm/AMD-Ryzen-3-3300x-r3-3300x-3-8-4-3gh-4-Core-8thr-65w-interface-am4-CPU-processor-/174729291758
207.0,2021-04-12 08:37:30,https://www.ebay.com/itm/AMD-Ryzen-3-Pro-4350g-r3-Pro-4350g-3-8ghz-4-core-interface-am4-CPU-processor-/174729253214
284.0,2021-04-12 08:30:04,https://www.ebay.com/itm/AMD-Ryzen-5-Pro-4650g-6-Core-3-7ghz-interface-am4-CPU-processor-/174729250110
495.0,2021-04-12 08:21:15,https://www.ebay.com/itm/AMD-Ryzen7-PRO-4750G-R7-PRO-4750G-3-6GHz-8-Cores-Socket-AM4-CPU-Processor-/174729246125
814.0,2021-04-11 19:50:59,https://www.ebay.com/itm/AMD-Ryzen-9-5900X-Desktop-Processor-Never-used-/303955864314
298.0,2021-04-10 23:39:08,https://www.ebay.com/itm/Lot-2qty-AMD-CPU-Ryzen-7-1700X-Octa-Core-3-4GHz-16M-L3-AM4-Tested-Working-/233962881025
745.0,2021-04-10 23:20:43,https://www.ebay.com/itm/Lot-6qty-AMD-CPU-Ryzen-3-2200G-Quad-Core-3-5GHz-4M-L3-AM4-Tested-Working-/233962869269
449.99,2021-04-10 20:23:00,https://www.ebay.com/itm/AORUS-PRO-P-B550M-Motherboard-AMD-Ryzen-5-5600X-Processor-Cooler-/184757135536
379.49,2021-04-10 02:22:31,https://www.ebay.com/itm/AMD-Ryzen-Threadripper-1950X-3-4GHz-16-Core-Socket-TR4-CPU-Processor-/124674605109
233.18,2021-04-10 01:37:26,https://www.ebay.com/itm/RARE-FACTORY-SEAL-RETAIL-BOX-AMD-Athlon-X2-7850-Black-Edition-AM2-AD785ZWCJ2BGH-/265118546818
249.99,2021-04-10 00:11:53,https://www.ebay.com/itm/AMD-RYZEN-5-2400G-Quad-Core-3-9GHz-Turbo-Socket-AM4-CPU-Processor-BUNDLE-/144003306582
225.0,2021-04-09 13:43:45,https://www.ebay.com/itm/RYZEN-7-2700x-AMD-WRAITH-SPIRE-COOLER-BUNDLE-/194026216207
450.0,2021-04-08 17:29:27,https://www.ebay.com/itm/AMD-Ryzen-7-5800X-Desktop-Processor-4-7GHz-8-Cores-Socket-AM4-Box-/174724604308
528.94,2021-04-08 14:08:49,https://www.ebay.com/itm/OB-AMD-Ryzen-7-5800X-8-core-16-Thread-Unlocked-Desktop-Processor-Without-/133720018705
294.99,2021-04-08 08:34:25,https://www.ebay.com/itm/AMD-EPYC-7351P-Processor-PS735PBEVGPAF-16Core-2-4GHz-64MB-SP3-CPU-/265116500852
648.0,2021-04-08 03:33:22,https://www.ebay.com/itm/AMD-Ryzen-7-5800X-R7-5800X-3-8GHz-8Core-16Thr-Socket-AM4-105W-CPU-Processor-/174723928568
459.0,2021-04-08 03:26:12,https://www.ebay.com/itm/AMD-Ryzen-5-5600X-R5-5600X-3-7GHz-6Core-12Thr-Socket-AM4-65W-CPU-Processor-/174723924034
649.99,2021-04-07 16:08:46,https://www.ebay.com/itm/AMD-Ryzen-9-3950X-16-Core-32-Thread-Retail-AM4-Processor-4-7-GHZ-Boost-/274749902927
200.0,2021-04-07 02:49:25,https://www.ebay.com/itm/Lot-20-units-AMD-APU-A6-3650-2-6GHz-Socket-FM1-/184750946599
797.0,2021-04-06 17:18:59,https://www.ebay.com/itm/AMD-Ryzen-9-5900X-Desktop-Processor-4-8GHz-12-Cores-Socket-AM4-/184750373417
400.0,2021-04-06 08:20:50,https://www.ebay.com/itm/Lot-20-Units-AMD-CPU-Phenom-II-X4-960T-3-0GHz-Socket-AM3-/184749204747
435.0,2021-04-06 07:19:48,https://www.ebay.com/itm/AMD-RYZEN-9-3900-X-CPU-/363345318515
400.0,2021-04-06 05:13:14,https://www.ebay.com/itm/AMD-Ryzen-YD195XA8AEWOF-Threadripper-1950X-Cache-32-MB-16-Core-3-4-GHz-Processo-/203338025203
380.0,2021-04-05 20:00:30,https://www.ebay.com/itm/10-AMD-Phenom-II-X6-1055T-2-8GHz-6-Core-Desktop-Processor-CPU-HDT55TFBK6DGR-/124668584964
649.99,2021-04-05 19:01:41,https://www.ebay.com/itm/AMD-YD295XA8UGAAF-Ryzen-Threadripper-2950x-16-Core-32-Threads-3-5GHz-Zen-CPU-/224413344440
399.0,2021-04-05 06:33:15,https://www.ebay.com/itm/AMD-PS7281BEVGAAF-EPYC-7281-2-1GHZ-16Core-Processor-/284246293359
499.0,2021-04-05 06:29:31,https://www.ebay.com/itm/AMD-PS7301BEVGPAF-EPYC-7301-2-2GHZ-16Core-Processor-/284246292367
599.0,2021-04-05 06:20:20,https://www.ebay.com/itm/AMD-PS7401BEVHCAF-EPYC-7401-2-0GHZ-24Core-Processor-/284246288855
830.0,2021-04-05 06:13:11,https://www.ebay.com/itm/AMD-Ryzen-7-5800X-R7-5800X-3-8GHz-8Core-16Thr-Socket-AM4-105W-CPU-Processor-/353444189251
455.0,2021-04-05 06:07:54,https://www.ebay.com/itm/AMD-Ryzen-7-3700X-R7-3700X-3-6GHz-8Core-16T-32MB-65W-AM4-CPU-Processor-/353444186763
469.0,2021-04-05 05:57:13,https://www.ebay.com/itm/AMD-Ryzen-5-5600X-R5-5600X-3-7GHz-6CORE-12Thr-Socket-AM4-65W-CPU-Processor-/353444178658
360.0,2021-04-05 03:50:53,https://www.ebay.com/itm/Lot-30-units-AMD-CPU-Athlon-II-X4-645-3-1GHz-Socket-AM3-/184747004950
297.41,2021-04-03 03:46:19,https://www.ebay.com/itm/Processor-AMD-CPU-Ryzen-7-2700X-3-7GHz-8-Core-YD270XBGM88AF-Socket-AM4-105W-/284243583378
238.99,2021-04-02 03:26:56,https://www.ebay.com/itm/AMD-Ryzen-2nd-Gen-7-2700X-4-3-GHz-Eight-Core-16-thread-Processor-/284242282289
207.78,2021-04-01 21:53:53,https://www.ebay.com/itm/AMD-AM4-3rd-R5-Ryzen-5-3600X-3-8-GHz-4-4-GHz-Turbo-6-Core-Desktop-CPU-Processor-/384073696290
210.0,2021-04-01 07:55:59,https://www.ebay.com/itm/AMD-procesador-AMD-Ryzen-5-R5-3600-3-6-GHz-seis-nucleos-y-12-hilos-7NM-65W-/133710919593
216.8,2021-03-31 20:34:26,https://www.ebay.com/itm/AMD-FX-9590-4-7GHz-8-core-Socket-AM3-220W-CPU-Processor-/313474956976
251.5,2021-03-31 20:30:21,https://www.ebay.com/itm/AMD-FX-8370E-3-3-GHz-8-CORE-8-MB-Socket-AM3-CPU-Processors-/313474955254
250.47,2021-03-31 09:07:43,https://www.ebay.com/itm/AMD-EPYC-7251-CPU-PROCESSOR-8-CORE-2-10GHZ-32MB-CACHE-120W-PS7251BFV8SAF-/114747722119
249.87,2021-03-30 23:12:37,https://www.ebay.com/itm/AMD-EPYC-7261-8-Core-2-50-GHz-64-MB-SP3-Processor-PS7261BEV8RAF-CPU-/124660324211
217.62,2021-03-30 00:48:16,https://www.ebay.com/itm/AMD-Ryzen-7-1700-3-0-GHz-8-Core-Processor-AM4-Socket-/303939156550
212.5,2021-03-29 22:18:17,https://www.ebay.com/itm/AMD-EW296AA-Opteron-Dual-Core-2214-2-20GHz-Processor-Upgrade-/254921537219
699.0,2021-03-29 15:56:15,https://www.ebay.com/itm/PS7601BDVIHAF-AMD-EPYC-7601-32-Core-2-20GHz-64MB-180W-Processor-Dell-Only-/324545166484
659.88,2021-03-27 06:49:35,https://www.ebay.com/itm/AMD-Ryzen-9-3900XT-12-core-24-Threads-4-7Ghz-Boost-Desktop-Processor-with-box-/265102872211
250.0,2021-03-27 06:04:42,https://www.ebay.com/itm/AMD-ryzen-cpu-/313470377410
449.0,2021-03-26 06:31:22,https://www.ebay.com/itm/AMD-EPYC-7252-AMD-EPYC-7252-8-Core-3-1GHz-64MB-120W-100-000000080-Processor-/184727562873
409.99,2021-03-25 22:43:52,https://www.ebay.com/itm/Lightly-Used-AMD-Ryzen-5-5600X-Desktop-Processor-4-6GHz-6-Cores-Socket-AM4-/224400199565
4400.0,2021-04-29 02:22:08,https://www.ebay.com/itm/4X-Intel-xeon-Platinum-8269CY-SRF8J-26-core-2-5G-CPU-205W-Retail-like-8270-8280-/324595905691
279.0,2021-04-29 02:00:42,https://www.ebay.com/itm/Intel-Core-i7-7700K-4-2-GHz-4-Cores-Desktop-Processor-UNLOCKED-GREAT-CHIP-/254959809817
400.0,2021-04-29 01:45:27,https://www.ebay.com/itm/Intel-Xeon-Silver-4210-SRFBL-2-2GHz-13-75-MB-10-Core-LGA-3647-B-Grade-CPU-/224442888962
225.0,2021-04-29 01:38:10,https://www.ebay.com/itm/Intel-Core-i7-6700-3-4-GHz-CPU-Processor-SR2L2-Working-Pull-/265141290278
245.0,2021-04-29 01:04:48,https://www.ebay.com/itm/Used-Intel-I7-9700-CPU-/324595842659
269.99,2021-04-29 00:56:34,https://www.ebay.com/itm/Lot-4-Intel-3-Core-i5-6500T-2-50GHz-SR2L8-And-1-i5-3470S-2-90GHZ-SR0TA-/373559811112
220.0,2021-04-29 00:04:11,https://www.ebay.com/itm/Used-Intel-I7-8700-CPU-/324595783276
850.0,2021-04-29 00:00:17,https://www.ebay.com/itm/intel-i9-9900k-Combo-Asus-ROG-Strix-Z390-E-gaming-Mobo-16gigs-4000Mhz-Ram-/384121877936
204.0,2021-04-28 23:59:54,https://www.ebay.com/itm/INTEL-CORE-I7-6700-QUAD-CORE-3-40GHZ-8MB-LGA1151-CPU-DESKTOP-PROCESSOR-SR2BT-/203409840422
835.0,2021-04-28 23:42:51,https://www.ebay.com/itm/Intel-Xeon-Gold-6142-SR3AY-2-6GHz-16C-22MB-CPU-LGA3647-Processor-/154432511018
648.0,2021-04-28 23:28:26,https://www.ebay.com/itm/BX806736130-INTEL-XEON-PROCESSOR-GOLD-6130-2-1GHZ-22M-16-CORE-125W-H0-/133744828199
648.0,2021-04-28 23:28:22,https://www.ebay.com/itm/CD8067303409000-INTEL-XEON-PROCESSOR-GOLD-6130-2-1GHZ-22M-16-CORE-125W-H0-/353474820073
648.0,2021-04-28 23:28:17,https://www.ebay.com/itm/SR3B9-INTEL-XEON-PROCESSOR-GOLD-6130-2-1GHZ-22M-16-CORE-125W-H0-/284275860940
699.99,2021-04-28 23:19:58,https://www.ebay.com/itm/Intel-Xeon-Platinum-8168-24-Core-2-7GHz-SR37J-Processor-Grade-C-mem-channel-/274777630936
260.0,2021-04-28 23:12:47,https://www.ebay.com/itm/835601-001-HPE-XEON-E5-2620V4-2-10GHz-20M-8-CORES-85W-PROCESSOR-/353474809951
249.0,2021-04-28 23:12:43,https://www.ebay.com/itm/CM8066002032201-INTEL-XEON-E5-2620V4-2-10GHz-20M-8-CORES-85W-PROCESSOR-/133744817025
249.0,2021-04-28 23:12:39,https://www.ebay.com/itm/SR2R6-INTEL-XEON-E5-2620V4-2-10GHz-20M-8-CORES-85W-PROCESSOR-/353474809831
230.0,2021-04-28 22:33:42,https://www.ebay.com/itm/780760-001-HPE-XEON-E5-2698V3-2-30GHz-40M-16-CORES-135W-PROC-PROLIANT-G9-/133744796600
219.98,2021-04-28 22:33:36,https://www.ebay.com/itm/CM8064401609800-INTEL-XEON-16-CORE-E5-2698V3-2-30GHz-40MB-9-6GT-s-135W-PROCESSOR-/133744796581
219.98,2021-04-28 22:33:31,https://www.ebay.com/itm/SR1XE-INTEL-XEON-16-CORE-E5-2698V3-2-30GHz-40MB-9-6GT-s-135W-PROCESSOR-/353474776895
260.0,2021-04-28 22:15:44,https://www.ebay.com/itm/864652-001-HPE-XEON-PROCESSOR-E5-2695V4-2-10GHZ-45M-18-CORES-120W-B0-/353474768084
249.98,2021-04-28 22:15:39,https://www.ebay.com/itm/CM8066002023801-INTEL-XEON-E5-2695V4-2-10GHz-45M-18-CORES-120W-PROCESSOR-/284275805587
249.98,2021-04-28 22:15:34,https://www.ebay.com/itm/SR2J1-INTEL-XEON-E5-2695V4-2-10GHz-45M-18-CORES-120W-PROCESSOR-/353474768031
200.0,2021-04-28 22:04:48,https://www.ebay.com/itm/Intel-Core-i9-9900X-3-5-GHz-Deca-Core-BX80673I99900X-Processor-/402814068637
269.99,2021-04-28 21:59:00,https://www.ebay.com/itm/Intel-4512-Core-i7-6700K-4-00-GHz-Unlocked-Quad-Core-Sky-Lake-Socket-LGA-1151-/114785357107
398.0,2021-04-28 21:52:48,https://www.ebay.com/itm/CD8069503956401-INTEL-XEON-SLIVER-4208-2-10GHZ-11MB-8-CORE-SILVER-85W-PROCESSOR-/353474755622
398.0,2021-04-28 21:52:43,https://www.ebay.com/itm/SRFBM-INTEL-XEON-SILVER-4208-2-10GHZ-11MB-8-CORE-SILVER-85W-PROCESSOR-/284275786638
200.0,2021-04-28 21:47:14,https://www.ebay.com/itm/LOT-2-Intel-Xeon-E5-2680-v3-2-5GHz-30MB-12-Core-SR1XP-/324595561270
2050.0,2021-04-28 21:43:23,https://www.ebay.com/itm/P11616-001-HPE-XEON-GOLD-6242-2-80GHZ-22MB-16-CORES-150W-PROCESSOR-/353474751694
2024.99,2021-04-28 21:43:18,https://www.ebay.com/itm/BX806956242-INTEL-XEON-GOLD-6242-2-80GHZ-22MB-16-CORES-150W-PROCESSOR-/133744751114
2024.99,2021-04-28 21:43:13,https://www.ebay.com/itm/CD8069504194101-INTEL-XEON-GOLD-6242-2-80GHZ-22MB-16-CORES-150W-PROCESSOR-/353474751648
2024.99,2021-04-28 21:43:08,https://www.ebay.com/itm/SRF8Y-INTEL-XEON-GOLD-6242-2-80GHZ-22MB-16-CORES-150W-PROCESSOR-/133744751030
2500.0,2021-04-28 21:39:55,https://www.ebay.com/itm/SR3M3-INTEL-XEON-PROCESSOR-GOLD-6137-3-90GHZ-24-75M-8-CORES-/133744749144
1800.0,2021-04-28 21:10:08,https://www.ebay.com/itm/BX806736152-INTEL-XEON-PROCESSOR-GOLD-6152-2-1GHZ-30-25M-22-CORE-140W-H0-/284275755820
1800.0,2021-04-28 21:10:04,https://www.ebay.com/itm/CD8067303406000-INTEL-XEON-PROCESSOR-GOLD-6152-2-1GHZ-30-25M-22-CORE-140W-H0-/133744719985
1800.0,2021-04-28 21:09:59,https://www.ebay.com/itm/SR3B4-INTEL-XEON-PROCESSOR-GOLD-6152-2-1GHZ-30-25M-22-CORE-140W-H0-/284275755762
325.0,2021-04-28 21:07:35,https://www.ebay.com/itm/i7-6700K-EVGA-Z170-FTW-MoBo-w-USB-BT-3000Mhz-2x8GB-EVO-212-cooler-/324595507677
5000.0,2021-04-28 20:55:27,https://www.ebay.com/itm/Intel-Core-i5-4570-CPU-3-20GHz-/164838703196
279.99,2021-04-28 20:54:13,https://www.ebay.com/itm/Intel-Core-i9-9900K-3-6GHz-8-Core-BX806849900K-Processor-Delidded-Used-tes-/353474538416
205.0,2021-04-28 20:27:58,https://www.ebay.com/itm/835611-001-HPE-XEON-E5-2637V4-3-50GHZ-15M-QUAD-CORES-9-6-GT-s-135W-PROCESSOR-/353474686013
205.0,2021-04-28 20:27:52,https://www.ebay.com/itm/864643-001-HPE-XEON-E5-2637V4-3-50GHZ-15M-QUAD-CORES-9-6-GT-s-135W-PROCESSOR-/133744683927
1000.0,2021-04-28 20:24:39,https://www.ebay.com/itm/Lot-21-Intel-Core-i3-i5-and-i7-CPU-Processors-4th-Generation-/194073439293
220.0,2021-04-28 20:16:39,https://www.ebay.com/itm/762454-001-HPE-XEON-E5-2695V3-2-30GHz-35M-14-CORES-9-6-GT-s-120W-PROCESSOR-/133744672633
210.0,2021-04-28 20:15:33,https://www.ebay.com/itm/BX80644E52695V3-INTEL-XEON-E5-2695V3-2-30GHZ-35M-14-CORES-120W-PROCESSOR-/284275708155
210.0,2021-04-28 20:15:28,https://www.ebay.com/itm/CM8064401438110-INTEL-XEON-E5-2695V3-2-30GHZ-35M-14-CORES-120W-PROCESSOR-/133744672163
210.0,2021-04-28 20:15:23,https://www.ebay.com/itm/SR1XG-INTEL-XEON-E5-2695V3-2-30GHZ-35M-14-CORES-9-6-GT-s-120W-PROCESSOR-/284275708050
450.0,2021-04-28 19:58:38,https://www.ebay.com/itm/Xeon-e5-2660-v4-14-cores-/324595405301
2298.0,2021-04-28 19:51:43,https://www.ebay.com/itm/CD8069504449401-INTEL-XEON-GOLD-6248R-3-00GHZ-35-75MB-24-CORE-205W-PROCESSOR-/284275688698
2298.0,2021-04-28 19:51:39,https://www.ebay.com/itm/SRGZG-INTEL-XEON-GOLD-6248R-3-00GHZ-35-75MB-24-CORE-205W-PROCESSOR-/133744656686
340.0,2021-04-28 19:43:32,https://www.ebay.com/itm/Intel-Core-i9-9900K-Coffee-Lake-8-Core-16-Thread-3-6-GHz-LGA-1151-Processor-/324595377752
540.0,2021-04-28 19:39:17,https://www.ebay.com/itm/LOT-9-Intel-Xeon-E5-2650-V3-2-3ghz-10-Core-Socket-2011-3-CPU-SR1YA-/363376766755
300.0,2021-04-28 19:27:48,https://www.ebay.com/itm/USED-INTEL-CORE-I9-9900K-9TH-GENERATION-8-CORE-/224442599906
2600.0,2021-04-28 19:24:28,https://www.ebay.com/itm/LOT-94PC-Intel-Xeon-E5-2680-8-Core-2-7GHz-LGA-2011-SR0KH-CPU-Processor-/174749864894
360.0,2021-04-28 19:19:49,https://www.ebay.com/itm/MIX-LOT-6-INTEL-CORE-i5-PROCESSORS-SR2L7-SR2L6-SR1QJ-SR14F-SR14E-SR0PM-/114785226217
299.99,2021-04-28 18:48:03,https://www.ebay.com/itm/Intel-Xeon-Silver-4110-SR3GH-2-10-GHz-8-Core-11-MB-CPU-Processor-/133744606409
385.0,2021-04-28 18:32:07,https://www.ebay.com/itm/Lot-21-Intel-Core-i3-3220-Dual-Core-Socket-1155-LGA1155-SR0RG-3-30GHz-/154432227250
1469.0,2021-04-28 18:31:56,https://www.ebay.com/itm/P24466-L21-INTEL-XEON-GOLD-5218R-2-10GHZ-27-5MB-20-CORE-125W-PROCESSOR-FCLGA3647-/353474590942
1469.0,2021-04-28 18:31:52,https://www.ebay.com/itm/P24466-B21-INTEL-XEON-GOLD-5218R-2-10GHZ-27-5MB-20-CORE-125W-PROCESSOR-FCLGA3647-/284275619225
1469.0,2021-04-28 18:31:48,https://www.ebay.com/itm/P24480-L21-INTEL-XEON-GOLD-5218R-2-10GHZ-27-5MB-20-CORE-125W-PROCESSOR-FCLGA3647-/133744590536
1469.0,2021-04-28 18:31:44,https://www.ebay.com/itm/P24480-B21-INTEL-XEON-GOLD-5218R-2-10GHZ-27-5MB-20-CORE-125W-PROCESSOR-FCLGA3647-/133744590371
1205.0,2021-04-28 18:31:39,https://www.ebay.com/itm/P25090-001-INTEL-XEON-GOLD-5218R-2-10GHZ-27-5MB-20-CORE-125W-PROCESSOR-FCLGA3647-/133744590315
1194.99,2021-04-28 18:31:35,https://www.ebay.com/itm/BX806955218R-INTEL-XEON-GOLD-5218R-2-10GHZ-27-5MB-20-CORE-125W-PROCESSOR-/284275618947
1194.99,2021-04-28 18:31:29,https://www.ebay.com/itm/CD8069504446300-INTEL-XEON-GOLD-5218R-2-10GHZ-27-5MB-20-CORE-125W-PROCESSOR-/133744590244
1194.99,2021-04-28 18:31:24,https://www.ebay.com/itm/SRGZ7-INTEL-XEON-GOLD-5218R-2-10GHZ-27-5MB-20-CORE-125W-PROCESSOR-FCLGA3647-/284275618787
898.6,2021-04-28 18:23:23,https://www.ebay.com/itm/Lot-16-Intel-i5-4590s-SR1QN-and-Intel-i5-4570s-SR14J-LGA1150-CPU-/154432222393
215.0,2021-04-28 18:22:39,https://www.ebay.com/itm/Intel-Core-i7-6700K-4-0-GHz-Processor-/154432221944
210.0,2021-04-28 18:17:28,https://www.ebay.com/itm/DELL-R530-INTEL-XEON-PROCESSOR-E5-2623V4-QUAD-CORE-2-6GHz-10M-8GT-s-/284275606921
200.0,2021-04-28 18:17:23,https://www.ebay.com/itm/DELL-R430-INTEL-XEON-PROCESSOR-E5-2623V4-QUAD-CORE-2-6GHz-10M-8GT-s-/353474569699
374.99,2021-04-28 18:16:47,https://www.ebay.com/itm/Lot-2-Intel-Core-i7-6th-Gen-Quad-Core-Processors-LGA1151-/274777330796
200.69,2021-04-28 17:59:13,https://www.ebay.com/itm/Intel-Core-i5-9400T-35W-Low-Power-1-8Ghz-TURBO-3-4Ghz-SR3X8-/254959571047
1199.0,2021-04-28 17:58:16,https://www.ebay.com/itm/OEM-Intel-Xeon-Gold-6148-SR3B6-2-4GHz-20C-27-5MB-CPU-LGA3647-Processor-/184798871373
349.99,2021-04-28 17:48:50,https://www.ebay.com/itm/Lot-3-Intel-Core-i7-4th-Gen-Quad-Core-Processors-LGA1150-/274777304068
389.0,2021-04-28 17:35:57,https://www.ebay.com/itm/Lot-2-Intel-XEON-Processor-E5-2667-V3-SR203-3-20GHz-CPU-LGA-2011-3-/164838470061
206.0,2021-04-28 17:24:55,https://www.ebay.com/itm/Intel-Core-i9-9900K-3-6GHz-8-Core-BX806849900K-Processor-/154432167518
238.95,2021-04-28 17:12:20,https://www.ebay.com/itm/Intel-Core-i7-7700-SR338-3-6GHz-8MB-LGA1151-Desktop-Processor-CPU-Kaby-Lake-S-/384121313879
224.99,2021-04-28 17:07:21,https://www.ebay.com/itm/Lot-3-i7-3rd-Gen-Processors-LGA1155-/265140886453
600.0,2021-04-28 16:56:53,https://www.ebay.com/itm/Intel-i7-8700K-CPU-Z390-Gaming-Pro-16GB-Corsair-Vengeance-3-NZXT-RGB-FANS-/274777255995
2433.64,2021-04-28 16:55:21,https://www.ebay.com/itm/Intel-Xeon-Platinum-8168-2-70GHz-24-Core-CPU-P-N-SR37J-Grade-B-/284275520097
3476.62,2021-04-28 16:55:21,https://www.ebay.com/itm/Intel-Xeon-Platinum-8176-2-10GHz-28-Core-CPU-P-N-SR37A-/284275520101
2051.21,2021-04-28 16:55:21,https://www.ebay.com/itm/Intel-Platinum-8160-2-10GHz-Twenty-Four-Core-CPU-P-N-SR3B0-/373559349783
2364.1,2021-04-28 16:55:21,https://www.ebay.com/itm/Intel-Xeon-Platinum-8153-2-00GHz-16-Core-CPU-P-N-SR3BA-/384121285368
2503.17,2021-04-28 16:55:21,https://www.ebay.com/itm/Intel-Xeon-Platinum-8168-2-7GHz-Twenty-Four-Core-CPU-SR37J-/384121285370
3615.69,2021-04-28 16:55:20,https://www.ebay.com/itm/Intel-Platinum-8268-2-90GHz-Twenty-Four-Core-CPU-P-N-SRF95-/384121285367
278.13,2021-04-28 16:55:17,https://www.ebay.com/itm/Intel-Xeon-Bronze-3106-1-70GHz-Eight-Core-CPU-SR3GL-/284275520008
625.79,2021-04-28 16:55:17,https://www.ebay.com/itm/Intel-Xeon-Silver-4116-2-10GHz-Twelve-Core-CPU-SR3HQ-/284275520009
451.96,2021-04-28 16:55:17,https://www.ebay.com/itm/Intel-Xeon-Silver-4112-2-60GHz-Quad-Core-CPU-SR3GN-/284275520016
3128.96,2021-04-28 16:55:17,https://www.ebay.com/itm/Intel-Xeon-Platinum-8176M-2-10GHz-28-Core-CPU-P-N-SR37U-/384121285327
347.66,2021-04-28 16:55:17,https://www.ebay.com/itm/Intel-Xeon-Silver-4110-2-10GHz-Eight-Core-CPU-SR3GH-/384121285331
1321.12,2021-04-28 16:55:13,https://www.ebay.com/itm/Intel-Xeon-Gold-6226R-2-90GHz-16-Core-CPU-P-N-SRGZC-/284275519935
1182.05,2021-04-28 16:55:13,https://www.ebay.com/itm/Intel-Xeon-Gold-6132-2-6GHz-14C-CPU-SR3J3-Grade-B-/284275519938
347.66,2021-04-28 16:55:13,https://www.ebay.com/itm/Intel-Xeon-Silver-4208-2-10GHz-8-Core-CPU-P-N-SRFBM-/373559349727
834.39,2021-04-28 16:55:13,https://www.ebay.com/itm/Intel-Silver-4216-2-10GHz-16-Core-CPU-P-N-SRFBB-/373559349728
1251.58,2021-04-28 16:55:12,https://www.ebay.com/itm/Intel-Xeon-Gold-6142M-2-60GHz-16-Core-CPU-P-N-SR3B1-/284275519934
479.77,2021-04-28 16:55:12,https://www.ebay.com/itm/Intel-Xeon-Silver-4210R-2-40GHz-10-Core-CPU-P-N-SRG24-/384121285262
1599.25,2021-04-28 16:55:09,https://www.ebay.com/itm/Intel-Xeon-Gold-6230-2-10GHz-20-Core-CPU-P-N-SRF8W-/284275519886
1738.31,2021-04-28 16:55:09,https://www.ebay.com/itm/Intel-Xeon-Gold-6240-2-60GHz-18-Core-CPU-P-N-SRF8X-/384121285060
2642.23,2021-04-28 16:55:08,https://www.ebay.com/itm/Intel-Gold-6246-3-30GHz-12-Core-CPU-P-N-SRFPj-/284275519863
1529.71,2021-04-28 16:55:08,https://www.ebay.com/itm/Intel-Xeon-Gold-6226-2-70GHz-12-Core-CPU-P-N-SRFPP-/284275519864
2085.97,2021-04-28 16:55:08,https://www.ebay.com/itm/Intel-Xeon-Gold-6234-3-30GHz-8-Core-CPU-P-N-SRFPN-/284275519871
2920.36,2021-04-28 16:55:08,https://www.ebay.com/itm/Intel-Xeon-Gold-6254-3-10GHz-18-Core-CPU-P-N-SRF92-/373559349689
2433.64,2021-04-28 16:55:08,https://www.ebay.com/itm/Intel-Xeon-Gold-6248-2-50GHz-20-Core-CPU-P-N-SRF90-/373559349690
1599.25,2021-04-28 16:55:04,https://www.ebay.com/itm/Intel-Gold-5217-3-00GHz-Octa-Core-CPU-P-N-SRFBF-/284275519782
1042.99,2021-04-28 16:55:04,https://www.ebay.com/itm/Intel-Xeon-Gold-6138-2-0GHz-Twenty-Core-CPU-SR3B5-/284275519783
2711.76,2021-04-28 16:55:04,https://www.ebay.com/itm/Intel-Gold-6252-2-10GHz-Twenty-Four-Core-CPU-P-N-SRF91-/384121284947
1140.33,2021-04-28 16:55:04,https://www.ebay.com/itm/Intel-Gold-5215-2-50GHz-Deca-Core-CPU-P-N-SRFBC-/384121284949
2225.04,2021-04-28 16:55:04,https://www.ebay.com/itm/Intel-Gold-6244-3-60GHz-Octa-Core-CPU-P-N-SRF8Z-/384121284951
1912.14,2021-04-28 16:55:03,https://www.ebay.com/itm/Intel-Gold-6154-3-00GHz-Eighteen-Core-CPU-P-N-SR3J5-/284275519779
2225.04,2021-04-28 16:55:03,https://www.ebay.com/itm/Intel-Gold-6238-2-10GHz-Twenty-Two-Core-CPU-P-N-SRFPL-/384121284945
1355.88,2021-04-28 16:55:00,https://www.ebay.com/itm/Intel-Xeon-Gold-6142-2-6GHz-Sixteen-Core-CPU-SR3AY-/284275519740
695.32,2021-04-28 16:55:00,https://www.ebay.com/itm/Intel-Xeon-Gold-6130-2-1GHz-Sixteen-Core-CPU-SR3B9-/284275519741
1251.58,2021-04-28 16:55:00,https://www.ebay.com/itm/Intel-Xeon-Gold-6132-2-6GHz-Fourteen-Core-CPU-SR3J3-/373559349616
1807.84,2021-04-28 16:55:00,https://www.ebay.com/itm/Intel-Xeon-Gold-6140M-2-3GHz-Eighteen-Core-CPU-SR3AZ-/373559349617
1946.91,2021-04-28 16:55:00,https://www.ebay.com/itm/Intel-Xeon-Gold-6148-2-4GHz-Twenty-Core-CPU-SR3B6-/373559349618
1390.65,2021-04-28 16:55:00,https://www.ebay.com/itm/Intel-Xeon-Gold-6134-3-2GHz-Eight-Core-CPU-SR3AR-/384121284894
1140.33,2021-04-28 16:54:59,https://www.ebay.com/itm/Intel-Xeon-Gold-6140-2-3GHz-Eighteen-Core-CPU-SR3AX-/284275519736
869.16,2021-04-28 16:54:56,https://www.ebay.com/itm/Intel-Xeon-Gold-5118-2-30GHz-Twelve-Core-CPU-SR3GF-/373559349575
1112.52,2021-04-28 16:54:56,https://www.ebay.com/itm/Intel-Xeon-Gold-5122-3-60GHz-Quad-Core-CPU-SR3AT-/373559349576
1182.05,2021-04-28 16:54:56,https://www.ebay.com/itm/Intel-Xeon-Gold-5120-2-2GHz-Fourteen-Core-CPU-SR3GD-/373559349577
1321.12,2021-04-28 16:54:56,https://www.ebay.com/itm/Intel-Xeon-Gold-6126-2-60GHz-Twelve-Core-CPU-SR3B3-/373559349579
1599.25,2021-04-28 16:54:56,https://www.ebay.com/itm/Intel-Xeon-Gold-6128-6-Core-3-40GHz-Processor-SR3J4-/384121284849
1842.61,2021-04-28 16:54:55,https://www.ebay.com/itm/Intel-Xeon-Gold-6136-3-0GHz-Twelve-Core-CPU-SR3B2-/373559349572
1599.25,2021-04-28 16:54:55,https://www.ebay.com/itm/Intel-Xeon-Gold-6150-2-7GHz-Eighteen-Core-CPU-SR37K-/384121284844
1200.0,2021-04-28 16:47:56,https://www.ebay.com/itm/INTEL-XEON-Platinum-SR377-8180-processor-28-core-2-5G-server-CPU-LGA3647-/254959498119
249.99,2021-04-28 16:40:27,https://www.ebay.com/itm/LOT-2-Intel-Core-i7-4770-SR149-3-4GHz-LGA1150-8MB-Quad-Core-Desktop-Processor-/124700634156
3359.99,2021-04-28 16:37:00,https://www.ebay.com/itm/Lot-16-Intel-Core-i7-6700T-2-8GHz-Quad-Core-SR2L3-Desktop-CPU-Processors-/184798757934
205.99,2021-04-28 16:31:57,https://www.ebay.com/itm/Intel-Core-i7-6700-SR2L2-3-40Ghz-LGA-1151-Quad-Core-Desktop-CPU-Processor-/324595110122
219.99,2021-04-28 16:10:41,https://www.ebay.com/itm/Intel-Xeon-E5-2690V4-2-6GHZ-14-CORE-CPU-SR2N2-/154432093208
589.0,2021-04-28 15:56:08,https://www.ebay.com/itm/INTEL-SR3B9-XEON-GOLD-6130-16C-2-1GHZ-/154432078857
286.0,2021-04-28 15:54:42,https://www.ebay.com/itm/Intel-CM8064401832100-SR209-Xeon-Processor-E5-2630L-v3-20M-Cache-1-80GHz-TESTED-/184798682654
1923.0,2021-04-28 15:25:48,https://www.ebay.com/itm/Intel-CM8066002022506-SR2JS-Xeon-Processor-E5-2699-v4-55M-Cache-2-20-GHz-TESTED-/184798647545
214.95,2021-04-28 15:06:06,https://www.ebay.com/itm/INTEL-SR1XE-2-30GHZ-40MB-16C-E5-2698-V3-/174749641978
385.0,2021-04-28 15:03:44,https://www.ebay.com/itm/LOT-2-Intel-i7-6700-Quadcore-3-4GHz-LGA1151-8MB-SR2L2-/203407567654
441.0,2021-04-28 15:00:01,https://www.ebay.com/itm/Intel-BX80660E52640V4-SR2NZ-Xeon-Processor-E5-2640-v4-25M-Cache-2-40-GHz-TESTED-/184798617493
500.0,2021-04-28 14:58:27,https://www.ebay.com/itm/Lot-6-Intel-Core-i5-6500-3-20GHz-SR2L6-Quad-Core-Processor-/203407520153
862.5,2021-04-28 14:39:05,https://www.ebay.com/itm/Intel-CM8066002023604-SR2JT-Xeon-Processor-E5-2683-v4-40M-Cache-2-10-GHz-TESTED-/384121087490
259.0,2021-04-28 13:41:00,https://www.ebay.com/itm/Intel-XEON-SR2R6-E5-2620v4-2-1Ghz-8-Core-LGA-2011-3-CPU-USED-/124700416016
250.0,2021-04-28 13:03:53,https://www.ebay.com/itm/Two-Intel-E5-2697-v3-2-6GHz-Fourteen-Core-CM8064401807100-Processors-/144023039853
239.99,2021-04-28 13:03:19,https://www.ebay.com/itm/Intel-Xeon-e5-2620-v4-server-processor-used-good-working-condition-/294147989715
216.81,2021-04-28 12:36:43,https://www.ebay.com/itm/i7-8665u-SRF9W-Intel-whiskey-lake-BGA-1528-Unbelievable-turbo-4-8ghz-fr-1-9-/265140647750
270.99,2021-04-28 12:14:17,https://www.ebay.com/itm/Intel-SR3QS-Core-i7-8700-3-20GHz-12M-6-Core-Socket-1151-CPU-Processor-Tested-/133744277899
429.0,2021-04-28 12:08:50,https://www.ebay.com/itm/Intel-Xeon-E3-1240v5-3-5-8M-2133-4C-80W-E3-1240v5-/313510124369
240.0,2021-04-28 11:54:31,https://www.ebay.com/itm/Intel-Xeon-E5-2697-v2-12-Core-24-Thread-2-7GHz-LGA-2011-Socket-R-CPU-Processor-/114784785430
1745.0,2021-04-28 11:06:00,https://www.ebay.com/itm/Intel-Xeon-w-3275m-QS-CPU-processor-2-5ghz-28-Core-lga3647-Mac-Pro-z6-g4-/174749425504
450.0,2021-04-28 11:01:34,https://www.ebay.com/itm/Intel-i7-8700K-ASUS-Z370-A-Motherboard-/294145080665
350.0,2021-04-28 10:30:57,https://www.ebay.com/itm/Intel-Xeon-Gold-6232-2-60-GHz-14-Cores-QQ8A-Processor-/224440436210
1265.0,2021-04-28 09:57:05,https://www.ebay.com/itm/Intel-Xeon-8260l-QS-CPU-lga3647-2-3ghz-24-Core-165w-srf9g-version-processor-CPU-/174749353343
1288.0,2021-04-28 09:44:34,https://www.ebay.com/itm/Intel-Xeon-Platinum-8260c-QS-srf9h-2-3ghz-lga3647-server-processor-CPU-/174749346503
1018.0,2021-04-28 09:36:41,https://www.ebay.com/itm/Intel-Xeon-Platinum-8260m-QS-srf9j-33m-cache-2-3-GHz-CPU-processor-/174749343064
885.0,2021-04-28 09:30:07,https://www.ebay.com/itm/Intel-Xeon-Platinum-8170-QS-qmad-qmqc-sr37h-LGA-3647-2-1ghz-26-core-CPU-processo-/174749339610
255.0,2021-04-28 08:27:19,https://www.ebay.com/itm/Intel-Core-i7-9700K-3-6-GHz-Octa-Core-Processor-BX80684I79700K-/294147509470
299.0,2021-04-28 07:58:13,https://www.ebay.com/itm/Intel-Xeon-Platinum-8176-ES-QL1F-28C-1-8GHz-LGA3647-Socket-P-Skylake-SP-165W-/124700043977
202.5,2021-04-28 06:57:48,https://www.ebay.com/itm/intel-core-i7-10700k-3-8-ghz-8-core-16-Thread-processor-/164836982248
1850.0,2021-04-28 04:28:20,https://www.ebay.com/itm/INTEL-XEON-GOLD-8-CORE-PROCESSOR-6234-3-30GHZ-24-75MB-130W-FCLGA3647-CPU-SRFPN-/333978594517
400.0,2021-04-28 03:13:11,https://www.ebay.com/itm/Intel-Core-i9-10900x-HEDT-/324594375264
2100.0,2021-04-28 03:00:47,https://www.ebay.com/itm/Intel-Xeon-SR3B6-CD8067303406-Gold-6138-2-GHz-Twenty-Core-Processor-/402812682451
800.0,2021-04-28 03:00:46,https://www.ebay.com/itm/Intel-Xeon-Gold-6140-2-30-GHz-18-Core-SR3AX-Processor-4-/284274014944
210.0,2021-04-28 02:56:45,https://www.ebay.com/itm/Intel-Core-i7-6700K-4-0-GHz-Quad-Core-BX80662I76700K-Processor-/333978532781
200.69,2021-04-28 02:32:56,https://www.ebay.com/itm/Intel-Xeon-Ten-Core-E5-2630v4-2-20GHz-25MB-Cache-LGA2011-3-Processor-CPU-SR2R7-/393274486762
800.0,2021-04-28 02:30:16,https://www.ebay.com/itm/Intel-Xeon-Gold-6140-2-30-GHz-18-Core-SR3AX-Processor-3-4-/274775573014
1650.0,2021-04-28 02:20:38,https://www.ebay.com/itm/INTEL-XEON-Platinum-SR377-8180-processor-28-core-2-5G-server-CPU-LGA3647-/224441754994
1300.0,2021-04-28 02:17:57,https://www.ebay.com/itm/Intel-Xeon-Gold-6128-6-Core-3-4GHz-SR3J4-Processor-/203404028311
505.25,2021-04-28 01:33:50,https://www.ebay.com/itm/Intel-Xeon-W-2145-3-70-GHz-CPU-SR3LQ-8-Core-11-MB-8-0GT-s-LGA2066-Processor-/402812760048
800.0,2021-04-28 01:10:04,https://www.ebay.com/itm/Intel-Xeon-Gold-6140-2-30-GHz-18-Core-SR3AX-Processor-2-4-/284274013794
800.0,2021-04-28 01:00:22,https://www.ebay.com/itm/Intel-Xeon-Gold-6140-2-30-GHz-18-Core-SR3AX-Processor-1-4-/274775572774
5699.95,2021-04-28 00:39:57,https://www.ebay.com/itm/Intel-Xeon-Platinum-8280L-SRF9R-2-7GHz-38-5-MB-28-Core-LGA-3647-Fair-Grade-CPU-/284274783531
299.99,2021-04-28 00:06:09,https://www.ebay.com/itm/11-pcs-Intel-Core-i7-2600K-i3-550-i3-2100-i3-3220-i5-3350P-i5-4440-E5-2420V2-/363376025712
400.0,2021-04-28 00:03:42,https://www.ebay.com/itm/Intel-Core-i9-9900X-3-5-GHz-Deca-Core-BX80673I99900X-Processor-Qty-2-Avail-/184797256432
792.0,2021-04-27 23:58:10,https://www.ebay.com/itm/Intel-Xeon-W-3265M-2-7GHz-24Core-LGA3647-CPU-/284274754859
389.99,2021-04-27 23:31:15,https://www.ebay.com/itm/Qty-2-Intel-Xeon-E5-2637V4-SR2P3-E5-2637-4-Core-3-50GHz-15MB-LGA-Processor-/353473637642
288.0,2021-04-27 23:12:11,https://www.ebay.com/itm/Intel-Core-i7-7700K-4-2-GHz-Processor-Delidded-Rockit-Cool-Copper-IHS-/124699651735
240.0,2021-04-27 22:43:41,https://www.ebay.com/itm/Lot-3-Intel-Xeon-E5-2670-V3-SR1XS-2-30GHz-30MB-12-Core-CPU-/154431040961
200.0,2021-04-27 22:32:46,https://www.ebay.com/itm/Intel-Core-i7-6700-and-h170-pro-motherboard-/384119922836
220.0,2021-04-27 21:59:22,https://www.ebay.com/itm/Lot-2-Intel-Xeon-E5-2680-v3-2-50GHz-12-Core-Processors-CPU-SR1XP-LGA2011-3-/254958636194
249.0,2021-04-27 21:17:32,https://www.ebay.com/itm/Intel-Core-i7-10700F-Processor-4-8-GHz-8-Cores-Socket-LGA1200-Box-/233985662245
275.0,2021-04-27 21:02:10,https://www.ebay.com/itm/Intel-Core-i7-4960X-3-6GHz-Six-Core-Extreme-Edition-Processor-/114784121264
1600.0,2021-04-27 21:00:07,https://www.ebay.com/itm/Intel-Xeon-E5-2683-V3-SR1XH-2-00GHZ-Processor-Server-CPU-Lot-16-/154431108825
225.0,2021-04-27 20:33:48,https://www.ebay.com/itm/Intel-Xeon-E3-1240V6-3-70GHz-LGA1151-Processor-/333978146517
269.0,2021-04-27 20:19:49,https://www.ebay.com/itm/Intel-Core-i7-7700K-4-2-GHz-Quad-Core-Processor-/265139924177
1120.0,2021-04-27 19:41:51,https://www.ebay.com/itm/SR2J0-INTEL-XEON-22-CORE-22C-PROCESSOR-E5-2696V4-2-20GHZ-55MB-CPU-/294146622435
850.0,2021-04-27 18:59:05,https://www.ebay.com/itm/Lot-Intel-Cpus-PARTS-/203402332792
200.0,2021-04-27 18:16:44,https://www.ebay.com/itm/Intel-i7-8086k-8th-Gen-Unlocked-Limited-Edition-Used-/203402089198
250.0,2021-04-27 18:08:41,https://www.ebay.com/itm/Intel-Core-i7-8700K-3-7-GHz-6-Core-LGA-1151-Processor-NEVER-OVERCLOCKED-/333977997090
300.0,2021-04-27 18:03:09,https://www.ebay.com/itm/Lot-3x-Intel-Core-i7-4770-3-40GHz-SR149-Quad-core-Processor-/402812318535
500.0,2021-04-27 18:01:22,https://www.ebay.com/itm/Intel-XEON-Gold-5218-SRF8T-2-3GHz-16-Core-Processor-/402812316376
350.0,2021-04-27 16:52:19,https://www.ebay.com/itm/Intel-Xeon-Silver-4110-2-10-GHz-CPU-Processor-SR3GH-FREE-SHIPPING-/174748508674
220.0,2021-04-27 16:49:41,https://www.ebay.com/itm/Intel-Core-i7-8700T-SR3WX-SIX-CORE-Processor-CPU-8700T-2-40GHz-4-00GHz-LGA1151-/174748506238
239.99,2021-04-27 16:29:33,https://www.ebay.com/itm/INTEL-XEON-E5-2620V4-SR2R6-2-10-GHz-SERVER-PROCESSOR-ONLY-/324593647930
399.99,2021-04-27 16:21:00,https://www.ebay.com/itm/Intel-Processor-Lot-Core-i9-9900K-Pentium-G5420-Lot-4-Parts-Only-/393274066139
1000.0,2021-04-27 16:08:28,https://www.ebay.com/itm/Intel-Xeon-Platinum-8180-2-50-GHz-28-Core-38-5MB-Cache-SR377-Processor-/284274329326
599.99,2021-04-27 15:39:37,https://www.ebay.com/itm/INTEL-XEON-E5-2687WV4-SR2NA-3-00-GHz-SERVER-PROCESSOR-ONLY-/324593597918
350.0,2021-04-27 15:34:36,https://www.ebay.com/itm/Intel-Xeon-E5-2697A-v4-16-Core-2-60GHz-40MB-LGA2011-3-Processor-SR2K1-/224441209555
207.0,2021-04-27 14:56:47,https://www.ebay.com/itm/IINTEL-CORE-i7-6700T-2-80GHZ-SR2L3-6TH-GEN-PROCESSOR-TESTED-/363375466396
680.0,2021-04-27 14:47:09,https://www.ebay.com/itm/Good-Intel-Xeon-Gold-5118-12-Core-2-30GHz-CPU-SR3GF-/164836594644
282.1,2021-04-27 14:37:40,https://www.ebay.com/itm/LOT-10-E5-2650-V2-SR1A8-2-6GHz-Eight-8-Core-LGA-2011-Socket-R-CPU-Processor-/174748405195
530.0,2021-04-27 13:42:43,https://www.ebay.com/itm/SR3GK-Intel-Xeon-Silver-4114-10-Core-2-20GHz-13-75MB-9-60GT-S-85W-Processor-/294146189258
274.0,2021-04-27 13:37:08,https://www.ebay.com/itm/SR3GL-Intel-Xeon-Bronze-3106-8-Core-1-70GHz-11M-85W-Processor-/294146177995
200.0,2021-04-27 13:00:25,https://www.ebay.com/itm/Intel-Core-i7-6850K-3-6GHz-Hexa-Core-BX80671I76850K-Processor-/265139515436
1200.0,2021-04-27 12:26:30,https://www.ebay.com/itm/Intel-Xeon-Gold-6134-8-Core-3-2GHz-SR3AR-Skylake-CPU-/233984991430
284.99,2021-04-27 12:01:14,https://www.ebay.com/itm/INTEL-CORE-i7-9700KF-3-60-GHz-PROCESSOR-/333977626615
313.5,2021-04-27 10:28:37,https://www.ebay.com/itm/Intel-Core-i7-6950X-Extreme-Edition-CPU-3GHz-10-Core-20-Threads-LGA-2011-v3-/114783564328
